{
  "tag": "classical_h4",
  "model": "classical",
  "n_qubits": 2,
  "n_layers": 1,
  "mitigation": "random",
  "feature_lambda": 1.0,
  "hidden_size": 4,
  "params": 117,
  "epochs": 20,
  "lr": 0.02,
  "n_train": 80,
  "n_test": 40,
  "train_time_s": 1.6,
  "losses": [
    3.608084201812744,
    3.199155330657959,
    2.855393171310425,
    2.538402557373047,
    2.2289271354675293,
    1.9173204898834229,
    1.6038134098052979,
    1.2970502376556396,
    1.0118688344955444,
    0.7652010917663574,
    0.5704423189163208,
    0.43259596824645996,
    0.34744885563850403,
    0.30525869131088257,
    0.29522275924682617,
    0.3074563145637512,
    0.3329085111618042,
    0.3631136119365692,
    0.3908868730068207,
    0.41139712929725647
  ],
  "predictions": [
    -1.949621558189392,
    -1.9279776811599731,
    -1.9419807195663452,
    -1.9333463907241821,
    -1.9105075597763062,
    -1.9294852018356323,
    -1.927269697189331,
    -1.9156904220581055,
    -1.9073978662490845,
    -1.9062556028366089,
    -1.879940390586853,
    -1.8608993291854858,
    -1.8237377405166626,
    -1.798844337463379,
    -1.7947709560394287,
    -1.7884479761123657,
    -1.7729123830795288,
    -1.7600876092910767,
    -1.749430537223816,
    -1.7473790645599365,
    -1.7185293436050415,
    -1.709773063659668,
    -1.6981714963912964,
    -1.689766764640808,
    -1.6820484399795532,
    -1.6869860887527466,
    -1.6850014925003052,
    -1.6816962957382202,
    -1.7120294570922852,
    -1.731825590133667,
    -1.708651065826416,
    -1.686581015586853,
    -1.678063988685608,
    -1.696074366569519,
    -1.7160669565200806,
    -1.739022970199585,
    -1.7152955532073975,
    -1.7079707384109497,
    -1.7092972993850708,
    -1.697264313697815
  ],
  "ground_truth": [
    -0.01258074026554823,
    -0.095900759100914,
    -0.029210250824689865,
    0.06873447448015213,
    -0.057085517793893814,
    -0.034651804715394974,
    0.007867274805903435,
    0.020353857427835464,
    0.008401921018958092,
    0.11635110527276993,
    0.16030211746692657,
    0.27195513248443604,
    0.3009752035140991,
    0.25532564520835876,
    0.23581266403198242,
    0.2637643814086914,
    0.27157291769981384,
    0.2712484896183014,
    0.23881033062934875,
    0.3424259424209595,
    0.3260444104671478,
    0.35216236114501953,
    0.3589407801628113,
    0.35827234387397766,
    0.31105658411979675,
    0.31817805767059326,
    0.3248986601829529,
    0.20001418888568878,
    0.1701536923646927,
    0.32167214155197144,
    0.38683468103408813,
    0.38376104831695557,
    0.2915632128715515,
    0.23651932179927826,
    0.18013904988765717,
    0.32339027523994446,
    0.32696080207824707,
    0.29078009724617004,
    0.3260444104671478,
    0.3126414120197296
  ],
  "mse": 4.003570556640625,
  "mae": 1.9995148181915283,
  "rmse": 2.0008924400478465
}