{
  "tag": "classical_h8",
  "model": "classical",
  "n_qubits": 2,
  "n_layers": 1,
  "mitigation": "random",
  "feature_lambda": 1.0,
  "hidden_size": 8,
  "params": 361,
  "epochs": 20,
  "lr": 0.02,
  "n_train": 80,
  "n_test": 40,
  "train_time_s": 1.8,
  "losses": [
    3.334325075149536,
    2.874488115310669,
    2.4488449096679688,
    2.0603950023651123,
    1.709975242614746,
    1.4001644849777222,
    1.1339224576950073,
    0.9108939170837402,
    0.7278214693069458,
    0.5817985534667969,
    0.47171634435653687,
    0.397124707698822,
    0.35652774572372437,
    0.34620457887649536,
    0.3596579432487488,
    0.38796696066856384,
    0.42137303948402405,
    0.45136475563049316,
    0.4721373915672302,
    0.4810107350349426
  ],
  "predictions": [
    -2.194124460220337,
    -2.183225631713867,
    -2.1881844997406006,
    -2.1834774017333984,
    -2.1735265254974365,
    -2.1823997497558594,
    -2.182220697402954,
    -2.178335666656494,
    -2.176055908203125,
    -2.1764414310455322,
    -2.1662709712982178,
    -2.1594631671905518,
    -2.1461470127105713,
    -2.139089822769165,
    -2.1411824226379395,
    -2.142786741256714,
    -2.139965295791626,
    -2.1381049156188965,
    -2.1370863914489746,
    -2.1392266750335693,
    -2.1287875175476074,
    -2.1271021366119385,
    -2.123706102371216,
    -2.122001886367798,
    -2.121119976043701,
    -2.1252918243408203,
    -2.1255359649658203,
    -2.1248793601989746,
    -2.137319803237915,
    -2.1432945728302,
    -2.130575656890869,
    -2.1205132007598877,
    -2.117757558822632,
    -2.126349687576294,
    -2.1344692707061768,
    -2.1426966190338135,
    -2.1311914920806885,
    -2.1282694339752197,
    -2.130157947540283,
    -2.1258530616760254
  ],
  "ground_truth": [
    -0.01258074026554823,
    -0.095900759100914,
    -0.029210250824689865,
    0.06873447448015213,
    -0.057085517793893814,
    -0.034651804715394974,
    0.007867274805903435,
    0.020353857427835464,
    0.008401921018958092,
    0.11635110527276993,
    0.16030211746692657,
    0.27195513248443604,
    0.3009752035140991,
    0.25532564520835876,
    0.23581266403198242,
    0.2637643814086914,
    0.27157291769981384,
    0.2712484896183014,
    0.23881033062934875,
    0.3424259424209595,
    0.3260444104671478,
    0.35216236114501953,
    0.3589407801628113,
    0.35827234387397766,
    0.31105658411979675,
    0.31817805767059326,
    0.3248986601829529,
    0.20001418888568878,
    0.1701536923646927,
    0.32167214155197144,
    0.38683468103408813,
    0.38376104831695557,
    0.2915632128715515,
    0.23651932179927826,
    0.18013904988765717,
    0.32339027523994446,
    0.32696080207824707,
    0.29078009724617004,
    0.3260444104671478,
    0.3126414120197296
  ],
  "mse": 5.600174903869629,
  "mae": 2.363467216491699,
  "rmse": 2.3664688681386936
}