{
  "tag": "qlstm_n4_L1_ls_novel",
  "model": "qlstm",
  "n_qubits": 4,
  "n_layers": 1,
  "mitigation": "ls_novel",
  "feature_lambda": 1.0,
  "hidden_size": 4,
  "params": 229,
  "epochs": 20,
  "lr": 0.02,
  "n_train": 80,
  "n_test": 40,
  "train_time_s": 1101.8,
  "losses": [
    0.088194340467453,
    2.6695899963378906,
    0.5799061059951782,
    2.4126503467559814,
    1.1735533475875854,
    0.05234687402844429,
    0.5784925818443298,
    1.1976600885391235,
    0.7804150581359863,
    0.16194012761116028,
    0.08853314816951752,
    0.410309374332428,
    0.6149508953094482,
    0.4933304190635681,
    0.22184762358665466,
    0.06714905798435211,
    0.12671563029289246,
    0.28007596731185913,
    0.3465096354484558,
    0.2691703140735626
  ],
  "predictions": [
    -0.1275067925453186,
    -0.09025269001722336,
    -0.10489421337842941,
    -0.08499627560377121,
    -0.05559306591749191,
    -0.07526879757642746,
    -0.06986313313245773,
    -0.057966046035289764,
    -0.0509222075343132,
    -0.05021243542432785,
    -0.02588253654539585,
    -0.01078992523252964,
    0.008508866652846336,
    0.020777171477675438,
    0.02842659316956997,
    0.033136315643787384,
    0.03768415004014969,
    0.040317244827747345,
    0.042214103043079376,
    0.0416993573307991,
    0.044634051620960236,
    0.04660481959581375,
    0.04859466105699539,
    0.05032748728990555,
    0.0521211102604866,
    0.05369514971971512,
    0.0539819672703743,
    0.05357522517442703,
    0.04652375727891922,
    0.03920096904039383,
    0.043544478714466095,
    0.042934127151966095,
    0.04602522403001785,
    0.049977488815784454,
    0.04831022769212723,
    0.04071301966905594,
    0.04474110156297684,
    0.04525990039110184,
    0.046872563660144806,
    0.04874558001756668
  ],
  "ground_truth": [
    -0.01258074026554823,
    -0.095900759100914,
    -0.029210250824689865,
    0.06873447448015213,
    -0.057085517793893814,
    -0.034651804715394974,
    0.007867274805903435,
    0.020353857427835464,
    0.008401921018958092,
    0.11635110527276993,
    0.16030211746692657,
    0.27195513248443604,
    0.3009752035140991,
    0.25532564520835876,
    0.23581266403198242,
    0.2637643814086914,
    0.27157291769981384,
    0.2712484896183014,
    0.23881033062934875,
    0.3424259424209595,
    0.3260444104671478,
    0.35216236114501953,
    0.3589407801628113,
    0.35827234387397766,
    0.31105658411979675,
    0.31817805767059326,
    0.3248986601829529,
    0.20001418888568878,
    0.1701536923646927,
    0.32167214155197144,
    0.38683468103408813,
    0.38376104831695557,
    0.2915632128715515,
    0.23651932179927826,
    0.18013904988765717,
    0.32339027523994446,
    0.32696080207824707,
    0.29078009724617004,
    0.3260444104671478,
    0.3126414120197296
  ],
  "mse": 0.052016835659742355,
  "mae": 0.2080945521593094,
  "rmse": 0.22807199665838496
}