{
  "tag": "qlstm_n2_L1_identity",
  "model": "qlstm",
  "n_qubits": 2,
  "n_layers": 1,
  "mitigation": "identity",
  "feature_lambda": 1.0,
  "hidden_size": 4,
  "params": 125,
  "epochs": 20,
  "lr": 0.02,
  "n_train": 80,
  "n_test": 40,
  "train_time_s": 568.2,
  "losses": [
    4.136898994445801,
    3.8551597595214844,
    3.608691692352295,
    3.3915905952453613,
    3.2000298500061035,
    3.0296244621276855,
    2.8753180503845215,
    2.7321457862854004,
    2.596285343170166,
    2.4651596546173096,
    2.3371071815490723,
    2.2111244201660156,
    2.086669683456421,
    1.9635738134384155,
    1.8420436382293701,
    1.72260320186615,
    1.6059114933013916,
    1.492578387260437,
    1.3830711841583252,
    1.2776256799697876
  ],
  "predictions": [
    -1.0366277694702148,
    -1.0342280864715576,
    -1.0354030132293701,
    -1.0342869758605957,
    -1.0322315692901611,
    -1.0342659950256348,
    -1.0341355800628662,
    -1.0333366394042969,
    -1.032958984375,
    -1.0331048965454102,
    -1.0310379266738892,
    -1.0298306941986084,
    -1.0273981094360352,
    -1.0263850688934326,
    -1.0270469188690186,
    -1.0274996757507324,
    -1.0270330905914307,
    -1.026811957359314,
    -1.0267704725265503,
    -1.027391791343689,
    -1.02545964717865,
    -1.025477647781372,
    -1.0249221324920654,
    -1.0246913433074951,
    -1.024651050567627,
    -1.025564193725586,
    -1.0255686044692993,
    -1.0254576206207275,
    -1.0278939008712769,
    -1.0288735628128052,
    -1.0261318683624268,
    -1.024428367614746,
    -1.0241512060165405,
    -1.025871753692627,
    -1.0272141695022583,
    -1.0285732746124268,
    -1.0260326862335205,
    -1.0255789756774902,
    -1.0261611938476562,
    -1.0255450010299683
  ],
  "ground_truth": [
    -0.01258074026554823,
    -0.095900759100914,
    -0.029210250824689865,
    0.06873447448015213,
    -0.057085517793893814,
    -0.034651804715394974,
    0.007867274805903435,
    0.020353857427835464,
    0.008401921018958092,
    0.11635110527276993,
    0.16030211746692657,
    0.27195513248443604,
    0.3009752035140991,
    0.25532564520835876,
    0.23581266403198242,
    0.2637643814086914,
    0.27157291769981384,
    0.2712484896183014,
    0.23881033062934875,
    0.3424259424209595,
    0.3260444104671478,
    0.35216236114501953,
    0.3589407801628113,
    0.35827234387397766,
    0.31105658411979675,
    0.31817805767059326,
    0.3248986601829529,
    0.20001418888568878,
    0.1701536923646927,
    0.32167214155197144,
    0.38683468103408813,
    0.38376104831695557,
    0.2915632128715515,
    0.23651932179927826,
    0.18013904988765717,
    0.32339027523994446,
    0.32696080207824707,
    0.29078009724617004,
    0.3260444104671478,
    0.3126414120197296
  ],
  "mse": 1.5710498094558716,
  "mae": 1.2460134029388428,
  "rmse": 1.2534152581869553
}