{
  "tag": "qlstm_n4_L1_ls",
  "model": "qlstm",
  "n_qubits": 4,
  "n_layers": 1,
  "mitigation": "ls",
  "feature_lambda": 1.0,
  "hidden_size": 4,
  "params": 229,
  "epochs": 20,
  "lr": 0.02,
  "n_train": 80,
  "n_test": 40,
  "train_time_s": 1078.8,
  "losses": [
    0.088194340467453,
    2.6695899963378906,
    0.5798927545547485,
    2.4128756523132324,
    1.173514723777771,
    0.052258528769016266,
    0.5791779160499573,
    1.1981027126312256,
    0.7797189950942993,
    0.1612352579832077,
    0.08892140537500381,
    0.41128525137901306,
    0.6153124570846558,
    0.4927428364753723,
    0.22100849449634552,
    0.06694133579730988,
    0.12732477486133575,
    0.28086137771606445,
    0.3467905521392822,
    0.2689489424228668
  ],
  "predictions": [
    -0.12899653613567352,
    -0.09173839539289474,
    -0.10637610405683517,
    -0.08647506684064865,
    -0.05704730004072189,
    -0.07672064751386642,
    -0.07131188362836838,
    -0.05940883606672287,
    -0.05235593765974045,
    -0.05164092034101486,
    -0.027286699041724205,
    -0.012164762243628502,
    0.007190058007836342,
    0.01950342394411564,
    0.02716977335512638,
    0.03188879042863846,
    0.036450691521167755,
    0.03909379988908768,
    0.04099685698747635,
    0.040478773415088654,
    0.04344327002763748,
    0.04542309790849686,
    0.04743129760026932,
    0.04917556792497635,
    0.05097777396440506,
    0.052543945610523224,
    0.052827902138233185,
    0.05242092162370682,
    0.04532916098833084,
    0.03797561675310135,
    0.04234177619218826,
    0.04176408797502518,
    0.044876404106616974,
    0.04881269484758377,
    0.047121353447437286,
    0.0394938662648201,
    0.04354412108659744,
    0.044073887169361115,
    0.045683927834033966,
    0.04757101088762283
  ],
  "ground_truth": [
    -0.01258074026554823,
    -0.095900759100914,
    -0.029210250824689865,
    0.06873447448015213,
    -0.057085517793893814,
    -0.034651804715394974,
    0.007867274805903435,
    0.020353857427835464,
    0.008401921018958092,
    0.11635110527276993,
    0.16030211746692657,
    0.27195513248443604,
    0.3009752035140991,
    0.25532564520835876,
    0.23581266403198242,
    0.2637643814086914,
    0.27157291769981384,
    0.2712484896183014,
    0.23881033062934875,
    0.3424259424209595,
    0.3260444104671478,
    0.35216236114501953,
    0.3589407801628113,
    0.35827234387397766,
    0.31105658411979675,
    0.31817805767059326,
    0.3248986601829529,
    0.20001418888568878,
    0.1701536923646927,
    0.32167214155197144,
    0.38683468103408813,
    0.38376104831695557,
    0.2915632128715515,
    0.23651932179927826,
    0.18013904988765717,
    0.32339027523994446,
    0.32696080207824707,
    0.29078009724617004,
    0.3260444104671478,
    0.3126414120197296
  ],
  "mse": 0.052530430257320404,
  "mae": 0.2092204988002777,
  "rmse": 0.229195179393722
}