{
  "tag": "qlstm_n4_L2_random",
  "model": "qlstm",
  "n_qubits": 4,
  "n_layers": 2,
  "mitigation": "random",
  "feature_lambda": 1.0,
  "hidden_size": 4,
  "params": 277,
  "epochs": 20,
  "lr": 0.02,
  "n_train": 80,
  "n_test": 40,
  "train_time_s": 1645.0,
  "losses": [
    3.6822218894958496,
    3.2114646434783936,
    2.807818651199341,
    2.4246952533721924,
    2.0633950233459473,
    1.7358930110931396,
    1.4478118419647217,
    1.1962015628814697,
    0.9768036603927612,
    0.7893298864364624,
    0.6368495225906372,
    0.5212728977203369,
    0.43997055292129517,
    0.38808485865592957,
    0.36034294962882996,
    0.3507159650325775,
    0.3527373969554901,
    0.3603925406932831,
    0.3689177632331848,
    0.3752507269382477
  ],
  "predictions": [
    -2.0614030361175537,
    -2.0543007850646973,
    -2.059027671813965,
    -2.0549678802490234,
    -2.050370454788208,
    -2.0566978454589844,
    -2.0548512935638428,
    -2.053055763244629,
    -2.052443265914917,
    -2.0529282093048096,
    -2.0473852157592773,
    -2.045398235321045,
    -2.0395824909210205,
    -2.038031578063965,
    -2.0396978855133057,
    -2.0402235984802246,
    -2.038804531097412,
    -2.0384719371795654,
    -2.0383734703063965,
    -2.0398709774017334,
    -2.0347819328308105,
    -2.035797119140625,
    -2.034156084060669,
    -2.0338215827941895,
    -2.0336925983428955,
    -2.0358548164367676,
    -2.0353927612304688,
    -2.035229444503784,
    -2.0413453578948975,
    -2.0426182746887207,
    -2.035693407058716,
    -2.0330753326416016,
    -2.032865047454834,
    -2.03692889213562,
    -2.039332151412964,
    -2.042287826538086,
    -2.0355072021484375,
    -2.0358729362487793,
    -2.037198543548584,
    -2.035331964492798
  ],
  "ground_truth": [
    -0.01258074026554823,
    -0.095900759100914,
    -0.029210250824689865,
    0.06873447448015213,
    -0.057085517793893814,
    -0.034651804715394974,
    0.007867274805903435,
    0.020353857427835464,
    0.008401921018958092,
    0.11635110527276993,
    0.16030211746692657,
    0.27195513248443604,
    0.3009752035140991,
    0.25532564520835876,
    0.23581266403198242,
    0.2637643814086914,
    0.27157291769981384,
    0.2712484896183014,
    0.23881033062934875,
    0.3424259424209595,
    0.3260444104671478,
    0.35216236114501953,
    0.3589407801628113,
    0.35827234387397766,
    0.31105658411979675,
    0.31817805767059326,
    0.3248986601829529,
    0.20001418888568878,
    0.1701536923646927,
    0.32167214155197144,
    0.38683468103408813,
    0.38376104831695557,
    0.2915632128715515,
    0.23651932179927826,
    0.18013904988765717,
    0.32339027523994446,
    0.32696080207824707,
    0.29078009724617004,
    0.3260444104671478,
    0.3126414120197296
  ],
  "mse": 5.123542308807373,
  "mae": 2.2596793174743652,
  "rmse": 2.2635243115123314
}