{
  "tag": "qlstm_n2_L2_ls",
  "model": "qlstm",
  "n_qubits": 2,
  "n_layers": 2,
  "mitigation": "ls",
  "feature_lambda": 1.0,
  "hidden_size": 4,
  "params": 149,
  "epochs": 20,
  "lr": 0.02,
  "n_train": 80,
  "n_test": 40,
  "train_time_s": 844.0,
  "losses": [
    0.06554064154624939,
    0.20908956229686737,
    0.9968211054801941,
    0.13256002962589264,
    0.31010833382606506,
    0.5374513864517212,
    0.1501552164554596,
    0.06372781842947006,
    0.2995726466178894,
    0.29790419340133667,
    0.0960656926035881,
    0.04427521303296089,
    0.1726156324148178,
    0.2128729522228241,
    0.10472339391708374,
    0.03362542390823364,
    0.08681774139404297,
    0.1474088877439499,
    0.1142098680138588,
    0.04632627218961716
  ],
  "predictions": [
    0.05274505913257599,
    0.1312684565782547,
    0.11323113739490509,
    0.1479298621416092,
    0.2244236022233963,
    0.17971225082874298,
    0.1744346171617508,
    0.1986646205186844,
    0.2171606570482254,
    0.21795888245105743,
    0.28508132696151733,
    0.3413655161857605,
    0.43240588903427124,
    0.4894959330558777,
    0.48877257108688354,
    0.47734707593917847,
    0.4885818362236023,
    0.49799221754074097,
    0.5019790530204773,
    0.484902560710907,
    0.5367385745048523,
    0.5502797961235046,
    0.5711192488670349,
    0.5841445326805115,
    0.5896064639091492,
    0.565518319606781,
    0.5589634776115417,
    0.5597700476646423,
    0.4877564311027527,
    0.438149631023407,
    0.5042816996574402,
    0.5695809721946716,
    0.5969159007072449,
    0.5574962496757507,
    0.5084013342857361,
    0.4532625079154968,
    0.5120424628257751,
    0.5397509932518005,
    0.5316290259361267,
    0.5482365489006042
  ],
  "ground_truth": [
    -0.01258074026554823,
    -0.095900759100914,
    -0.029210250824689865,
    0.06873447448015213,
    -0.057085517793893814,
    -0.034651804715394974,
    0.007867274805903435,
    0.020353857427835464,
    0.008401921018958092,
    0.11635110527276993,
    0.16030211746692657,
    0.27195513248443604,
    0.3009752035140991,
    0.25532564520835876,
    0.23581266403198242,
    0.2637643814086914,
    0.27157291769981384,
    0.2712484896183014,
    0.23881033062934875,
    0.3424259424209595,
    0.3260444104671478,
    0.35216236114501953,
    0.3589407801628113,
    0.35827234387397766,
    0.31105658411979675,
    0.31817805767059326,
    0.3248986601829529,
    0.20001418888568878,
    0.1701536923646927,
    0.32167214155197144,
    0.38683468103408813,
    0.38376104831695557,
    0.2915632128715515,
    0.23651932179927826,
    0.18013904988765717,
    0.32339027523994446,
    0.32696080207824707,
    0.29078009724617004,
    0.3260444104671478,
    0.3126414120197296
  ],
  "mse": 0.04728913679718971,
  "mae": 0.2051149308681488,
  "rmse": 0.2174606557453318
}