{
  "tag": "qlstm_n2_L4_random",
  "model": "qlstm",
  "n_qubits": 2,
  "n_layers": 4,
  "mitigation": "random",
  "feature_lambda": 1.0,
  "hidden_size": 4,
  "params": 197,
  "epochs": 20,
  "lr": 0.02,
  "n_train": 80,
  "n_test": 40,
  "train_time_s": 1408.5,
  "losses": [
    3.6495144367218018,
    3.374987840652466,
    3.1222333908081055,
    2.889268398284912,
    2.6751229763031006,
    2.477123260498047,
    2.2915425300598145,
    2.1146132946014404,
    1.9446728229522705,
    1.7816585302352905,
    1.625645637512207,
    1.4768153429031372,
    1.3356866836547852,
    1.2029956579208374,
    1.079504370689392,
    0.9658581614494324,
    0.8624162673950195,
    0.7692895531654358,
    0.6865060925483704,
    0.6140958070755005
  ],
  "predictions": [
    -1.5172619819641113,
    -1.515337347984314,
    -1.5164697170257568,
    -1.5154563188552856,
    -1.5138218402862549,
    -1.5155284404754639,
    -1.5152119398117065,
    -1.5145418643951416,
    -1.5142669677734375,
    -1.5143758058547974,
    -1.5126397609710693,
    -1.5117106437683105,
    -1.5096430778503418,
    -1.5087405443191528,
    -1.509114384651184,
    -1.5092778205871582,
    -1.508766770362854,
    -1.5085432529449463,
    -1.5084651708602905,
    -1.5089457035064697,
    -1.5072861909866333,
    -1.5073504447937012,
    -1.5068095922470093,
    -1.5065584182739258,
    -1.506453275680542,
    -1.507161259651184,
    -1.5071115493774414,
    -1.5070345401763916,
    -1.509095311164856,
    -1.509880781173706,
    -1.5076862573623657,
    -1.5064488649368286,
    -1.5062143802642822,
    -1.5075526237487793,
    -1.5085536241531372,
    -1.509673833847046,
    -1.5075960159301758,
    -1.5073888301849365,
    -1.5078598260879517,
    -1.5072824954986572
  ],
  "ground_truth": [
    -0.01258074026554823,
    -0.095900759100914,
    -0.029210250824689865,
    0.06873447448015213,
    -0.057085517793893814,
    -0.034651804715394974,
    0.007867274805903435,
    0.020353857427835464,
    0.008401921018958092,
    0.11635110527276993,
    0.16030211746692657,
    0.27195513248443604,
    0.3009752035140991,
    0.25532564520835876,
    0.23581266403198242,
    0.2637643814086914,
    0.27157291769981384,
    0.2712484896183014,
    0.23881033062934875,
    0.3424259424209595,
    0.3260444104671478,
    0.35216236114501953,
    0.3589407801628113,
    0.35827234387397766,
    0.31105658411979675,
    0.31817805767059326,
    0.3248986601829529,
    0.20001418888568878,
    0.1701536923646927,
    0.32167214155197144,
    0.38683468103408813,
    0.38376104831695557,
    0.2915632128715515,
    0.23651932179927826,
    0.18013904988765717,
    0.32339027523994446,
    0.32696080207824707,
    0.29078009724617004,
    0.3260444104671478,
    0.3126414120197296
  ],
  "mse": 3.0031309127807617,
  "mae": 1.7275903224945068,
  "rmse": 1.7329543885459773
}