{
  "tag": "qlstm_n4_L1_identity",
  "model": "qlstm",
  "n_qubits": 4,
  "n_layers": 1,
  "mitigation": "identity",
  "feature_lambda": 1.0,
  "hidden_size": 4,
  "params": 229,
  "epochs": 20,
  "lr": 0.02,
  "n_train": 80,
  "n_test": 40,
  "train_time_s": 1079.5,
  "losses": [
    6.776496887207031,
    6.254312992095947,
    5.771347999572754,
    5.312941551208496,
    4.8827595710754395,
    4.4935197830200195,
    4.156481742858887,
    3.8721747398376465,
    3.631364345550537,
    3.422952175140381,
    3.239070415496826,
    3.0741515159606934,
    2.922865867614746,
    2.780251979827881,
    2.642407178878784,
    2.5072968006134033,
    2.3745219707489014,
    2.2445425987243652,
    2.1180412769317627,
    1.9955734014511108
  ],
  "predictions": [
    -0.7333390712738037,
    -0.7324783802032471,
    -0.7330764532089233,
    -0.7326244115829468,
    -0.7319694757461548,
    -0.7328500747680664,
    -0.732670783996582,
    -0.7323769330978394,
    -0.7322981357574463,
    -0.7323821783065796,
    -0.7316291332244873,
    -0.7313371896743774,
    -0.7305335998535156,
    -0.7303309440612793,
    -0.7306634187698364,
    -0.7307852506637573,
    -0.7305625677108765,
    -0.7304972410202026,
    -0.7304916381835938,
    -0.7307232618331909,
    -0.7299444675445557,
    -0.7300776243209839,
    -0.7298780679702759,
    -0.7298250198364258,
    -0.7298245429992676,
    -0.7301732301712036,
    -0.7301100492477417,
    -0.7300573587417603,
    -0.7309777736663818,
    -0.7311782836914062,
    -0.7300658226013184,
    -0.7296010255813599,
    -0.7296375036239624,
    -0.7303301095962524,
    -0.7307227849960327,
    -0.731122612953186,
    -0.7300623655319214,
    -0.7300574779510498,
    -0.7303297519683838,
    -0.7300609350204468
  ],
  "ground_truth": [
    -0.01258074026554823,
    -0.095900759100914,
    -0.029210250824689865,
    0.06873447448015213,
    -0.057085517793893814,
    -0.034651804715394974,
    0.007867274805903435,
    0.020353857427835464,
    0.008401921018958092,
    0.11635110527276993,
    0.16030211746692657,
    0.27195513248443604,
    0.3009752035140991,
    0.25532564520835876,
    0.23581266403198242,
    0.2637643814086914,
    0.27157291769981384,
    0.2712484896183014,
    0.23881033062934875,
    0.3424259424209595,
    0.3260444104671478,
    0.35216236114501953,
    0.3589407801628113,
    0.35827234387397766,
    0.31105658411979675,
    0.31817805767059326,
    0.3248986601829529,
    0.20001418888568878,
    0.1701536923646927,
    0.32167214155197144,
    0.38683468103408813,
    0.38376104831695557,
    0.2915632128715515,
    0.23651932179927826,
    0.18013904988765717,
    0.32339027523994446,
    0.32696080207824707,
    0.29078009724617004,
    0.3260444104671478,
    0.3126414120197296
  ],
  "mse": 0.9188734292984009,
  "mae": 0.9485539197921753,
  "rmse": 0.9585788591964673
}