{
  "tag": "qlstm_n2_L1_ls_novel",
  "model": "qlstm",
  "n_qubits": 2,
  "n_layers": 1,
  "mitigation": "ls_novel",
  "feature_lambda": 1.0,
  "hidden_size": 4,
  "params": 125,
  "epochs": 20,
  "lr": 0.02,
  "n_train": 80,
  "n_test": 40,
  "train_time_s": 480.2,
  "losses": [
    0.0701598972082138,
    0.06303871423006058,
    1.3316736221313477,
    0.0999412015080452,
    0.5010064840316772,
    0.8489279747009277,
    0.487927109003067,
    0.09590522199869156,
    0.09400239586830139,
    0.33181414008140564,
    0.42037057876586914,
    0.27863526344299316,
    0.09708307683467865,
    0.04410356655716896,
    0.12208962440490723,
    0.2152785062789917,
    0.22767028212547302,
    0.15901073813438416,
    0.0765613541007042,
    0.04507026448845863
  ],
  "predictions": [
    -1.8691571950912476,
    -1.9373328685760498,
    -1.9104334115982056,
    -1.9404418468475342,
    -2.0066397190093994,
    -1.9524749517440796,
    -1.9504410028457642,
    -1.9738520383834839,
    -1.9877986907958984,
    -1.9850239753723145,
    -2.0498883724212646,
    -2.096116304397583,
    -2.1834919452667236,
    -2.2282443046569824,
    -2.211110830307007,
    -2.1942391395568848,
    -2.2081820964813232,
    -2.217073440551758,
    -2.2194743156433105,
    -2.198559522628784,
    -2.2632243633270264,
    -2.269432544708252,
    -2.290085792541504,
    -2.3006834983825684,
    -2.303473711013794,
    -2.271865129470825,
    -2.2681679725646973,
    -2.2713353633880615,
    -2.1882312297821045,
    -2.145880699157715,
    -2.2340176105499268,
    -2.3029024600982666,
    -2.320730447769165,
    -2.2630908489227295,
    -2.2107577323913574,
    -2.158588171005249,
    -2.239057779312134,
    -2.262883186340332,
    -2.2456836700439453,
    -2.265561103820801
  ],
  "ground_truth": [
    -0.01258074026554823,
    -0.095900759100914,
    -0.029210250824689865,
    0.06873447448015213,
    -0.057085517793893814,
    -0.034651804715394974,
    0.007867274805903435,
    0.020353857427835464,
    0.008401921018958092,
    0.11635110527276993,
    0.16030211746692657,
    0.27195513248443604,
    0.3009752035140991,
    0.25532564520835876,
    0.23581266403198242,
    0.2637643814086914,
    0.27157291769981384,
    0.2712484896183014,
    0.23881033062934875,
    0.3424259424209595,
    0.3260444104671478,
    0.35216236114501953,
    0.3589407801628113,
    0.35827234387397766,
    0.31105658411979675,
    0.31817805767059326,
    0.3248986601829529,
    0.20001418888568878,
    0.1701536923646927,
    0.32167214155197144,
    0.38683468103408813,
    0.38376104831695557,
    0.2915632128715515,
    0.23651932179927826,
    0.18013904988765717,
    0.32339027523994446,
    0.32696080207824707,
    0.29078009724617004,
    0.3260444104671478,
    0.3126414120197296
  ],
  "mse": 5.722533226013184,
  "mae": 2.3775031566619873,
  "rmse": 2.392181687500593
}