{
  "tag": "qlstm_n2_L2_random",
  "model": "qlstm",
  "n_qubits": 2,
  "n_layers": 2,
  "mitigation": "random",
  "feature_lambda": 1.0,
  "hidden_size": 4,
  "params": 149,
  "epochs": 20,
  "lr": 0.02,
  "n_train": 80,
  "n_test": 40,
  "train_time_s": 859.7,
  "losses": [
    2.632061719894409,
    2.4133799076080322,
    2.1886048316955566,
    1.9606740474700928,
    1.7323271036148071,
    1.5104379653930664,
    1.3023110628128052,
    1.113538146018982,
    0.9472672343254089,
    0.8033561706542969,
    0.6792219281196594,
    0.5738917589187622,
    0.4886939525604248,
    0.4255375862121582,
    0.38512927293777466,
    0.3656999468803406,
    0.3629979193210602,
    0.37111082673072815,
    0.3833307921886444,
    0.3935372531414032
  ],
  "predictions": [
    -2.112814426422119,
    -2.1055307388305664,
    -2.110657215118408,
    -2.1066672801971436,
    -2.1018552780151367,
    -2.109008312225342,
    -2.1071977615356445,
    -2.1050782203674316,
    -2.104611873626709,
    -2.105306625366211,
    -2.0995845794677734,
    -2.0978336334228516,
    -2.092327117919922,
    -2.091403007507324,
    -2.0938875675201416,
    -2.0947132110595703,
    -2.0932183265686035,
    -2.0929508209228516,
    -2.0930016040802,
    -2.0946555137634277,
    -2.0892651081085205,
    -2.0905539989471436,
    -2.089172840118408,
    -2.0889720916748047,
    -2.089045524597168,
    -2.0914249420166016,
    -2.090857982635498,
    -2.090550422668457,
    -2.0969319343566895,
    -2.09788179397583,
    -2.090007781982422,
    -2.0874080657958984,
    -2.0878448486328125,
    -2.0924949645996094,
    -2.094905376434326,
    -2.0975518226623535,
    -2.0899722576141357,
    -2.090425491333008,
    -2.092256546020508,
    -2.090330123901367
  ],
  "ground_truth": [
    -0.01258074026554823,
    -0.095900759100914,
    -0.029210250824689865,
    0.06873447448015213,
    -0.057085517793893814,
    -0.034651804715394974,
    0.007867274805903435,
    0.020353857427835464,
    0.008401921018958092,
    0.11635110527276993,
    0.16030211746692657,
    0.27195513248443604,
    0.3009752035140991,
    0.25532564520835876,
    0.23581266403198242,
    0.2637643814086914,
    0.27157291769981384,
    0.2712484896183014,
    0.23881033062934875,
    0.3424259424209595,
    0.3260444104671478,
    0.35216236114501953,
    0.3589407801628113,
    0.35827234387397766,
    0.31105658411979675,
    0.31817805767059326,
    0.3248986601829529,
    0.20001418888568878,
    0.1701536923646927,
    0.32167214155197144,
    0.38683468103408813,
    0.38376104831695557,
    0.2915632128715515,
    0.23651932179927826,
    0.18013904988765717,
    0.32339027523994446,
    0.32696080207824707,
    0.29078009724617004,
    0.3260444104671478,
    0.3126414120197296
  ],
  "mse": 5.370513916015625,
  "mae": 2.3136162757873535,
  "rmse": 2.317436928163445
}