{
  "tag": "qlstm_n4_L2_ls_novel",
  "model": "qlstm",
  "n_qubits": 4,
  "n_layers": 2,
  "mitigation": "ls_novel",
  "feature_lambda": 1.0,
  "hidden_size": 4,
  "params": 277,
  "epochs": 20,
  "lr": 0.02,
  "n_train": 80,
  "n_test": 40,
  "train_time_s": 1625.2,
  "losses": [
    0.06810690462589264,
    1.0427250862121582,
    1.5750277042388916,
    0.7528263330459595,
    0.06348485499620438,
    0.5299287438392639,
    0.6643587946891785,
    0.34175124764442444,
    0.11295988410711288,
    0.15601444244384766,
    0.31457948684692383,
    0.38395172357559204,
    0.3222156763076782,
    0.22474916279315948,
    0.1797967255115509,
    0.19704583287239075,
    0.23439064621925354,
    0.2479563057422638,
    0.2204338014125824,
    0.16501358151435852
  ],
  "predictions": [
    -1.1357684135437012,
    -1.118688941001892,
    -1.1285310983657837,
    -1.1199036836624146,
    -1.1207220554351807,
    -1.1405771970748901,
    -1.1388739347457886,
    -1.1395620107650757,
    -1.1459119319915771,
    -1.1520042419433594,
    -1.1536154747009277,
    -1.1685459613800049,
    -1.190933346748352,
    -1.2237352132797241,
    -1.2498626708984375,
    -1.266257405281067,
    -1.2776480913162231,
    -1.289297342300415,
    -1.2991714477539062,
    -1.3053256273269653,
    -1.3116244077682495,
    -1.32565176486969,
    -1.3358205556869507,
    -1.346591830253601,
    -1.356645107269287,
    -1.3609907627105713,
    -1.359678864479065,
    -1.3593345880508423,
    -1.3515981435775757,
    -1.3318814039230347,
    -1.318731665611267,
    -1.3303521871566772,
    -1.3465062379837036,
    -1.3521183729171753,
    -1.3439499139785767,
    -1.3291702270507812,
    -1.3186434507369995,
    -1.3257368803024292,
    -1.3321651220321655,
    -1.3368253707885742
  ],
  "ground_truth": [
    -0.01258074026554823,
    -0.095900759100914,
    -0.029210250824689865,
    0.06873447448015213,
    -0.057085517793893814,
    -0.034651804715394974,
    0.007867274805903435,
    0.020353857427835464,
    0.008401921018958092,
    0.11635110527276993,
    0.16030211746692657,
    0.27195513248443604,
    0.3009752035140991,
    0.25532564520835876,
    0.23581266403198242,
    0.2637643814086914,
    0.27157291769981384,
    0.2712484896183014,
    0.23881033062934875,
    0.3424259424209595,
    0.3260444104671478,
    0.35216236114501953,
    0.3589407801628113,
    0.35827234387397766,
    0.31105658411979675,
    0.31817805767059326,
    0.3248986601829529,
    0.20001418888568878,
    0.1701536923646927,
    0.32167214155197144,
    0.38683468103408813,
    0.38376104831695557,
    0.2915632128715515,
    0.23651932179927826,
    0.18013904988765717,
    0.32339027523994446,
    0.32696080207824707,
    0.29078009724617004,
    0.3260444104671478,
    0.3126414120197296
  ],
  "mse": 2.2414844036102295,
  "mae": 1.4810863733291626,
  "rmse": 1.4971587770207373
}