{
  "tag": "qlstm_n2_L4_ls_novel",
  "model": "qlstm",
  "n_qubits": 2,
  "n_layers": 4,
  "mitigation": "ls_novel",
  "feature_lambda": 1.0,
  "hidden_size": 4,
  "params": 197,
  "epochs": 20,
  "lr": 0.02,
  "n_train": 80,
  "n_test": 40,
  "train_time_s": 1387.7,
  "losses": [
    0.35054293274879456,
    0.307297021150589,
    0.26871028542518616,
    0.3098968267440796,
    0.20728115737438202,
    0.25822266936302185,
    0.1838172972202301,
    0.16805967688560486,
    0.175360769033432,
    0.12369922548532486,
    0.11246120929718018,
    0.12002663314342499,
    0.08127155154943466,
    0.07050444185733795,
    0.07656081020832062,
    0.049695249646902084,
    0.04603591933846474,
    0.05424991250038147,
    0.03418617323040962,
    0.03965679928660393
  ],
  "predictions": [
    -0.19402824342250824,
    -0.15379606187343597,
    -0.1669294685125351,
    -0.1483571082353592,
    -0.11258743703365326,
    -0.13751275837421417,
    -0.13722117245197296,
    -0.12444834411144257,
    -0.11630536615848541,
    -0.11659757792949677,
    -0.08514811098575592,
    -0.0626530796289444,
    -0.02638911083340645,
    -0.006466526538133621,
    -0.008294064551591873,
    -0.01209922507405281,
    -0.006433088332414627,
    -0.002680797129869461,
    -0.001212049275636673,
    -0.008000988513231277,
    0.012810569256544113,
    0.01607004925608635,
    0.023264747112989426,
    0.02734215185046196,
    0.028943579643964767,
    0.019888650625944138,
    0.018539946526288986,
    0.019263725727796555,
    -0.009163010865449905,
    -0.02627246454358101,
    0.0024211518466472626,
    0.024357687681913376,
    0.031799595803022385,
    0.016022127121686935,
    -0.0013062842190265656,
    -0.021245915442705154,
    0.004720848053693771,
    0.013210069388151169,
    0.008915405720472336,
    0.015551786869764328
  ],
  "ground_truth": [
    -0.01258074026554823,
    -0.095900759100914,
    -0.029210250824689865,
    0.06873447448015213,
    -0.057085517793893814,
    -0.034651804715394974,
    0.007867274805903435,
    0.020353857427835464,
    0.008401921018958092,
    0.11635110527276993,
    0.16030211746692657,
    0.27195513248443604,
    0.3009752035140991,
    0.25532564520835876,
    0.23581266403198242,
    0.2637643814086914,
    0.27157291769981384,
    0.2712484896183014,
    0.23881033062934875,
    0.3424259424209595,
    0.3260444104671478,
    0.35216236114501953,
    0.3589407801628113,
    0.35827234387397766,
    0.31105658411979675,
    0.31817805767059326,
    0.3248986601829529,
    0.20001418888568878,
    0.1701536923646927,
    0.32167214155197144,
    0.38683468103408813,
    0.38376104831695557,
    0.2915632128715515,
    0.23651932179927826,
    0.18013904988765717,
    0.32339027523994446,
    0.32696080207824707,
    0.29078009724617004,
    0.3260444104671478,
    0.3126414120197296
  ],
  "mse": 0.07100580632686615,
  "mae": 0.25266316533088684,
  "rmse": 0.26646914704495556
}