{
  "tag": "qlstm_n2_L2_ls_novel",
  "model": "qlstm",
  "n_qubits": 2,
  "n_layers": 2,
  "mitigation": "ls_novel",
  "feature_lambda": 1.0,
  "hidden_size": 4,
  "params": 149,
  "epochs": 20,
  "lr": 0.02,
  "n_train": 80,
  "n_test": 40,
  "train_time_s": 843.8,
  "losses": [
    0.06554064154624939,
    0.20908956229686737,
    0.9968662261962891,
    0.13238440454006195,
    0.31053537130355835,
    0.5378979444503784,
    0.15033408999443054,
    0.06368754804134369,
    0.29948997497558594,
    0.29788124561309814,
    0.0960923284292221,
    0.04436110332608223,
    0.1728343665599823,
    0.21320731937885284,
    0.10499785095453262,
    0.033733151853084564,
    0.08685971796512604,
    0.14748609066009521,
    0.11429085582494736,
    0.04641818627715111
  ],
  "predictions": [
    0.051441557705402374,
    0.13004052639007568,
    0.11198342591524124,
    0.14672529697418213,
    0.22331178188323975,
    0.17855322360992432,
    0.17327678203582764,
    0.1975325345993042,
    0.21604812145233154,
    0.216849684715271,
    0.2840670347213745,
    0.34043920040130615,
    0.4316521883010864,
    0.4888662099838257,
    0.4881545305252075,
    0.47671735286712646,
    0.48797690868377686,
    0.49740588665008545,
    0.5014015436172485,
    0.4842923879623413,
    0.5362406969070435,
    0.5498131513595581,
    0.5707069635391235,
    0.5837668180465698,
    0.5892475843429565,
    0.5651086568832397,
    0.5585368871688843,
    0.5593410730361938,
    0.4871774911880493,
    0.43746745586395264,
    0.5037182569503784,
    0.569158673286438,
    0.5965653657913208,
    0.557064414024353,
    0.5078657865524292,
    0.4526115655899048,
    0.5114980936050415,
    0.5392590761184692,
    0.5311237573623657,
    0.5477694272994995
  ],
  "ground_truth": [
    -0.01258074026554823,
    -0.095900759100914,
    -0.029210250824689865,
    0.06873447448015213,
    -0.057085517793893814,
    -0.034651804715394974,
    0.007867274805903435,
    0.020353857427835464,
    0.008401921018958092,
    0.11635110527276993,
    0.16030211746692657,
    0.27195513248443604,
    0.3009752035140991,
    0.25532564520835876,
    0.23581266403198242,
    0.2637643814086914,
    0.27157291769981384,
    0.2712484896183014,
    0.23881033062934875,
    0.3424259424209595,
    0.3260444104671478,
    0.35216236114501953,
    0.3589407801628113,
    0.35827234387397766,
    0.31105658411979675,
    0.31817805767059326,
    0.3248986601829529,
    0.20001418888568878,
    0.1701536923646927,
    0.32167214155197144,
    0.38683468103408813,
    0.38376104831695557,
    0.2915632128715515,
    0.23651932179927826,
    0.18013904988765717,
    0.32339027523994446,
    0.32696080207824707,
    0.29078009724617004,
    0.3260444104671478,
    0.3126414120197296
  ],
  "mse": 0.04702240601181984,
  "mae": 0.20440693199634552,
  "rmse": 0.21684650334238695
}