{
  "tag": "qlstm_n2_L4_ls",
  "model": "qlstm",
  "n_qubits": 2,
  "n_layers": 4,
  "mitigation": "ls",
  "feature_lambda": 1.0,
  "hidden_size": 4,
  "params": 197,
  "epochs": 20,
  "lr": 0.02,
  "n_train": 80,
  "n_test": 40,
  "train_time_s": 1413.1,
  "losses": [
    0.35054293274879456,
    0.307297021150589,
    0.26886993646621704,
    0.30972418189048767,
    0.20686538517475128,
    0.2567632794380188,
    0.1830151379108429,
    0.16694606840610504,
    0.1739800125360489,
    0.12222079932689667,
    0.11099900305271149,
    0.1179102212190628,
    0.07910307496786118,
    0.06977233290672302,
    0.07517166435718536,
    0.047856442630290985,
    0.04601503908634186,
    0.05286892130970955,
    0.03309283033013344,
    0.04098638892173767
  ],
  "predictions": [
    -0.1734364777803421,
    -0.13206107914447784,
    -0.14560116827487946,
    -0.1264997273683548,
    -0.08970104157924652,
    -0.11541475355625153,
    -0.11512254178524017,
    -0.1019979864358902,
    -0.09364278614521027,
    -0.09396396577358246,
    -0.06155650317668915,
    -0.038381174206733704,
    -0.0009153634309768677,
    0.019655510783195496,
    0.017697587609291077,
    0.013710036873817444,
    0.019548580050468445,
    0.023411378264427185,
    0.024913683533668518,
    0.017864003777503967,
    0.03945709764957428,
    0.042820319533348083,
    0.05028794705867767,
    0.054515913128852844,
    0.056169673800468445,
    0.04674987494945526,
    0.04534526169300079,
    0.04609288275241852,
    0.016622647643089294,
    -0.0010767430067062378,
    0.0286741703748703,
    0.05145035684108734,
    0.05917130410671234,
    0.042763933539390564,
    0.024786606431007385,
    0.004137143492698669,
    0.031062021851539612,
    0.03985367715358734,
    0.035385534167289734,
    0.04227130115032196
  ],
  "ground_truth": [
    -0.01258074026554823,
    -0.095900759100914,
    -0.029210250824689865,
    0.06873447448015213,
    -0.057085517793893814,
    -0.034651804715394974,
    0.007867274805903435,
    0.020353857427835464,
    0.008401921018958092,
    0.11635110527276993,
    0.16030211746692657,
    0.27195513248443604,
    0.3009752035140991,
    0.25532564520835876,
    0.23581266403198242,
    0.2637643814086914,
    0.27157291769981384,
    0.2712484896183014,
    0.23881033062934875,
    0.3424259424209595,
    0.3260444104671478,
    0.35216236114501953,
    0.3589407801628113,
    0.35827234387397766,
    0.31105658411979675,
    0.31817805767059326,
    0.3248986601829529,
    0.20001418888568878,
    0.1701536923646927,
    0.32167214155197144,
    0.38683468103408813,
    0.38376104831695557,
    0.2915632128715515,
    0.23651932179927826,
    0.18013904988765717,
    0.32339027523994446,
    0.32696080207824707,
    0.29078009724617004,
    0.3260444104671478,
    0.3126414120197296
  ],
  "mse": 0.05868779495358467,
  "mae": 0.22748632729053497,
  "rmse": 0.24225563967343397
}