{
  "tag": "qlstm_n2_L2_identity",
  "model": "qlstm",
  "n_qubits": 2,
  "n_layers": 2,
  "mitigation": "identity",
  "feature_lambda": 1.0,
  "hidden_size": 4,
  "params": 149,
  "epochs": 20,
  "lr": 0.02,
  "n_train": 80,
  "n_test": 40,
  "train_time_s": 849.0,
  "losses": [
    2.6166739463806152,
    2.3977386951446533,
    2.1748709678649902,
    1.9521667957305908,
    1.7338082790374756,
    1.5242993831634521,
    1.3273404836654663,
    1.145293951034546,
    0.9803276062011719,
    0.8337160348892212,
    0.7063091397285461,
    0.5987237095832825,
    0.5110127925872803,
    0.4432681202888489,
    0.39584487676620483,
    0.3684992790222168,
    0.3593299984931946,
    0.3642881512641907,
    0.3777790069580078,
    0.3940505385398865
  ],
  "predictions": [
    -2.1454405784606934,
    -2.1412391662597656,
    -2.1440718173980713,
    -2.1418092250823975,
    -2.1389195919036865,
    -2.1429290771484375,
    -2.141977310180664,
    -2.14072847366333,
    -2.140397787094116,
    -2.140767812728882,
    -2.1374309062957764,
    -2.136263370513916,
    -2.132941484451294,
    -2.1321728229522705,
    -2.1334738731384277,
    -2.1339330673217773,
    -2.1330647468566895,
    -2.132863759994507,
    -2.132864475250244,
    -2.133802890777588,
    -2.130711078643799,
    -2.1313107013702393,
    -2.1304805278778076,
    -2.1303045749664307,
    -2.13030743598938,
    -2.1316630840301514,
    -2.131389856338501,
    -2.131220579147339,
    -2.1349260807037354,
    -2.135655164718628,
    -2.131204128265381,
    -2.129537343978882,
    -2.1296448707580566,
    -2.132277488708496,
    -2.1337757110595703,
    -2.1354196071624756,
    -2.1311533451080322,
    -2.1312808990478516,
    -2.1322977542877197,
    -2.1311898231506348
  ],
  "ground_truth": [
    -0.01258074026554823,
    -0.095900759100914,
    -0.029210250824689865,
    0.06873447448015213,
    -0.057085517793893814,
    -0.034651804715394974,
    0.007867274805903435,
    0.020353857427835464,
    0.008401921018958092,
    0.11635110527276993,
    0.16030211746692657,
    0.27195513248443604,
    0.3009752035140991,
    0.25532564520835876,
    0.23581266403198242,
    0.2637643814086914,
    0.27157291769981384,
    0.2712484896183014,
    0.23881033062934875,
    0.3424259424209595,
    0.3260444104671478,
    0.35216236114501953,
    0.3589407801628113,
    0.35827234387397766,
    0.31105658411979675,
    0.31817805767059326,
    0.3248986601829529,
    0.20001418888568878,
    0.1701536923646927,
    0.32167214155197144,
    0.38683468103408813,
    0.38376104831695557,
    0.2915632128715515,
    0.23651932179927826,
    0.18013904988765717,
    0.32339027523994446,
    0.32696080207824707,
    0.29078009724617004,
    0.3260444104671478,
    0.3126414120197296
  ],
  "mse": 5.552229881286621,
  "mae": 2.352433681488037,
  "rmse": 2.356317016296114
}