{
  "tag": "qlstm_n4_L2_ls",
  "model": "qlstm",
  "n_qubits": 4,
  "n_layers": 2,
  "mitigation": "ls",
  "feature_lambda": 1.0,
  "hidden_size": 4,
  "params": 277,
  "epochs": 20,
  "lr": 0.02,
  "n_train": 80,
  "n_test": 40,
  "train_time_s": 1665.8,
  "losses": [
    0.06810690462589264,
    1.0427250862121582,
    1.5750515460968018,
    0.7521507740020752,
    0.06362974643707275,
    0.5308894515037537,
    0.6640289425849915,
    0.34041890501976013,
    0.11238212883472443,
    0.15670782327651978,
    0.3153269290924072,
    0.38365450501441956,
    0.32131510972976685,
    0.22442659735679626,
    0.18063929677009583,
    0.19868505001068115,
    0.23608899116516113,
    0.24927422404289246,
    0.22140717506408691,
    0.1659010946750641
  ],
  "predictions": [
    -1.1359540224075317,
    -1.1189607381820679,
    -1.1287935972213745,
    -1.120190143585205,
    -1.1210108995437622,
    -1.1407854557037354,
    -1.1390447616577148,
    -1.1397005319595337,
    -1.1460089683532715,
    -1.1520681381225586,
    -1.1536693572998047,
    -1.1685711145401,
    -1.190921664237976,
    -1.2236601114273071,
    -1.2497035264968872,
    -1.2660120725631714,
    -1.2773454189300537,
    -1.2889504432678223,
    -1.2987868785858154,
    -1.3049039840698242,
    -1.3112105131149292,
    -1.3252267837524414,
    -1.335392713546753,
    -1.3461557626724243,
    -1.356194019317627,
    -1.3605139255523682,
    -1.359190583229065,
    -1.3588413000106812,
    -1.3510816097259521,
    -1.3313639163970947,
    -1.3182682991027832,
    -1.3299269676208496,
    -1.346088171005249,
    -1.3516722917556763,
    -1.343479037284851,
    -1.3286861181259155,
    -1.31819748878479,
    -1.3253053426742554,
    -1.3317195177078247,
    -1.3363744020462036
  ],
  "ground_truth": [
    -0.01258074026554823,
    -0.095900759100914,
    -0.029210250824689865,
    0.06873447448015213,
    -0.057085517793893814,
    -0.034651804715394974,
    0.007867274805903435,
    0.020353857427835464,
    0.008401921018958092,
    0.11635110527276993,
    0.16030211746692657,
    0.27195513248443604,
    0.3009752035140991,
    0.25532564520835876,
    0.23581266403198242,
    0.2637643814086914,
    0.27157291769981384,
    0.2712484896183014,
    0.23881033062934875,
    0.3424259424209595,
    0.3260444104671478,
    0.35216236114501953,
    0.3589407801628113,
    0.35827234387397766,
    0.31105658411979675,
    0.31817805767059326,
    0.3248986601829529,
    0.20001418888568878,
    0.1701536923646927,
    0.32167214155197144,
    0.38683468103408813,
    0.38376104831695557,
    0.2915632128715515,
    0.23651932179927826,
    0.18013904988765717,
    0.32339027523994446,
    0.32696080207824707,
    0.29078009724617004,
    0.3260444104671478,
    0.3126414120197296
  ],
  "mse": 2.24069881439209,
  "mae": 1.480860710144043,
  "rmse": 1.4968963940073106
}