{
  "tag": "qlstm_n4_L2_identity",
  "model": "qlstm",
  "n_qubits": 4,
  "n_layers": 2,
  "mitigation": "identity",
  "feature_lambda": 1.0,
  "hidden_size": 4,
  "params": 277,
  "epochs": 20,
  "lr": 0.02,
  "n_train": 80,
  "n_test": 40,
  "train_time_s": 1631.5,
  "losses": [
    3.447230815887451,
    3.1614537239074707,
    2.8522250652313232,
    2.5369925498962402,
    2.227245569229126,
    1.9235244989395142,
    1.6257874965667725,
    1.3399300575256348,
    1.0751399993896484,
    0.8424718976020813,
    0.6518251895904541,
    0.5087379217147827,
    0.4135771691799164,
    0.3622094392776489,
    0.3465363383293152,
    0.3553386330604553,
    0.37568172812461853,
    0.3950560688972473,
    0.4039883017539978,
    0.39820176362991333
  ],
  "predictions": [
    -1.9699028730392456,
    -1.951088547706604,
    -1.9604805707931519,
    -1.9508204460144043,
    -1.9329253435134888,
    -1.948586106300354,
    -1.9464201927185059,
    -1.939660906791687,
    -1.9359641075134277,
    -1.936478614807129,
    -1.9176501035690308,
    -1.9054195880889893,
    -1.8797545433044434,
    -1.866101861000061,
    -1.8684512376785278,
    -1.869912028312683,
    -1.8640249967575073,
    -1.8608808517456055,
    -1.8594244718551636,
    -1.86459219455719,
    -1.8452578783035278,
    -1.8442153930664062,
    -1.8370643854141235,
    -1.833280324935913,
    -1.831424593925476,
    -1.8396092653274536,
    -1.8397190570831299,
    -1.839039921760559,
    -1.8633819818496704,
    -1.8747621774673462,
    -1.8510738611221313,
    -1.83425772190094,
    -1.829141616821289,
    -1.8441439867019653,
    -1.8572036027908325,
    -1.871989130973816,
    -1.8497202396392822,
    -1.845660924911499,
    -1.8501063585281372,
    -1.8430911302566528
  ],
  "ground_truth": [
    -0.01258074026554823,
    -0.095900759100914,
    -0.029210250824689865,
    0.06873447448015213,
    -0.057085517793893814,
    -0.034651804715394974,
    0.007867274805903435,
    0.020353857427835464,
    0.008401921018958092,
    0.11635110527276993,
    0.16030211746692657,
    0.27195513248443604,
    0.3009752035140991,
    0.25532564520835876,
    0.23581266403198242,
    0.2637643814086914,
    0.27157291769981384,
    0.2712484896183014,
    0.23881033062934875,
    0.3424259424209595,
    0.3260444104671478,
    0.35216236114501953,
    0.3589407801628113,
    0.35827234387397766,
    0.31105658411979675,
    0.31817805767059326,
    0.3248986601829529,
    0.20001418888568878,
    0.1701536923646927,
    0.32167214155197144,
    0.38683468103408813,
    0.38376104831695557,
    0.2915632128715515,
    0.23651932179927826,
    0.18013904988765717,
    0.32339027523994446,
    0.32696080207824707,
    0.29078009724617004,
    0.3260444104671478,
    0.3126414120197296
  ],
  "mse": 4.40543794631958,
  "mae": 2.0964293479919434,
  "rmse": 2.098913515683669
}