{
  "tag": "qlstm_n4_L1_random",
  "model": "qlstm",
  "n_qubits": 4,
  "n_layers": 1,
  "mitigation": "random",
  "feature_lambda": 1.0,
  "hidden_size": 4,
  "params": 229,
  "epochs": 20,
  "lr": 0.02,
  "n_train": 80,
  "n_test": 40,
  "train_time_s": 1091.1,
  "losses": [
    6.768273830413818,
    6.2671613693237305,
    5.802640914916992,
    5.353079795837402,
    4.9217071533203125,
    4.52468204498291,
    4.177375316619873,
    3.884601593017578,
    3.6389999389648438,
    3.4285006523132324,
    3.2433078289031982,
    3.0765175819396973,
    2.9231362342834473,
    2.7799599170684814,
    2.6442084312438965,
    2.5133492946624756,
    2.385746479034424,
    2.2607152462005615,
    2.138150453567505,
    2.018287181854248
  ],
  "predictions": [
    -0.7412959933280945,
    -0.7415544986724854,
    -0.7414376735687256,
    -0.7415584921836853,
    -0.7416703104972839,
    -0.7415381073951721,
    -0.7415591478347778,
    -0.7416081428527832,
    -0.7416241765022278,
    -0.7416127324104309,
    -0.7416812181472778,
    -0.7416900992393494,
    -0.7416006326675415,
    -0.7415648102760315,
    -0.7416319251060486,
    -0.7416372299194336,
    -0.7415875196456909,
    -0.7415689826011658,
    -0.7415623664855957,
    -0.7415968775749207,
    -0.7414175868034363,
    -0.7414607405662537,
    -0.7414026260375977,
    -0.741386353969574,
    -0.741383969783783,
    -0.7414789199829102,
    -0.7414559125900269,
    -0.741439938545227,
    -0.7416093945503235,
    -0.7416121959686279,
    -0.7414308190345764,
    -0.7413005232810974,
    -0.7413235306739807,
    -0.7415235638618469,
    -0.741586446762085,
    -0.7416218519210815,
    -0.7414368987083435,
    -0.7414467930793762,
    -0.741516649723053,
    -0.741446316242218
  ],
  "ground_truth": [
    -0.01258074026554823,
    -0.095900759100914,
    -0.029210250824689865,
    0.06873447448015213,
    -0.057085517793893814,
    -0.034651804715394974,
    0.007867274805903435,
    0.020353857427835464,
    0.008401921018958092,
    0.11635110527276993,
    0.16030211746692657,
    0.27195513248443604,
    0.3009752035140991,
    0.25532564520835876,
    0.23581266403198242,
    0.2637643814086914,
    0.27157291769981384,
    0.2712484896183014,
    0.23881033062934875,
    0.3424259424209595,
    0.3260444104671478,
    0.35216236114501953,
    0.3589407801628113,
    0.35827234387397766,
    0.31105658411979675,
    0.31817805767059326,
    0.3248986601829529,
    0.20001418888568878,
    0.1701536923646927,
    0.32167214155197144,
    0.38683468103408813,
    0.38376104831695557,
    0.2915632128715515,
    0.23651932179927826,
    0.18013904988765717,
    0.32339027523994446,
    0.32696080207824707,
    0.29078009724617004,
    0.3260444104671478,
    0.3126414120197296
  ],
  "mse": 0.9393148422241211,
  "mae": 0.9591341018676758,
  "rmse": 0.9691825639290675
}