{
  "tag": "qlstm_n2_L1_ls",
  "model": "qlstm",
  "n_qubits": 2,
  "n_layers": 1,
  "mitigation": "ls",
  "feature_lambda": 1.0,
  "hidden_size": 4,
  "params": 125,
  "epochs": 20,
  "lr": 0.02,
  "n_train": 80,
  "n_test": 40,
  "train_time_s": 554.0,
  "losses": [
    0.0701598972082138,
    0.06303871423006058,
    1.331871509552002,
    0.10016174614429474,
    0.5002762079238892,
    0.8474224209785461,
    0.4865991473197937,
    0.09545377641916275,
    0.09435629844665527,
    0.3322567939758301,
    0.42051562666893005,
    0.2786485552787781,
    0.09709777683019638,
    0.04396108165383339,
    0.12155380100011826,
    0.21437247097492218,
    0.22671175003051758,
    0.15833647549152374,
    0.07625488936901093,
    0.04494114965200424
  ],
  "predictions": [
    -1.8655638694763184,
    -1.9336063861846924,
    -1.9067541360855103,
    -1.9366981983184814,
    -2.0027942657470703,
    -1.9487133026123047,
    -1.946668267250061,
    -1.9700429439544678,
    -1.9839696884155273,
    -1.9811973571777344,
    -2.045973539352417,
    -2.0921528339385986,
    -2.179452657699585,
    -2.224177360534668,
    -2.2070462703704834,
    -2.1901729106903076,
    -2.2041003704071045,
    -2.21298885345459,
    -2.2153890132904053,
    -2.194486379623413,
    -2.2591121196746826,
    -2.2653281688690186,
    -2.285968065261841,
    -2.2965621948242188,
    -2.299349784851074,
    -2.2677533626556396,
    -2.264050245285034,
    -2.2672181129455566,
    -2.1841671466827393,
    -2.1418356895446777,
    -2.229914903640747,
    -2.2987897396087646,
    -2.316615343093872,
    -2.2589926719665527,
    -2.206672191619873,
    -2.1545348167419434,
    -2.2349512577056885,
    -2.2587811946868896,
    -2.2415895462036133,
    -2.2614498138427734
  ],
  "ground_truth": [
    -0.01258074026554823,
    -0.095900759100914,
    -0.029210250824689865,
    0.06873447448015213,
    -0.057085517793893814,
    -0.034651804715394974,
    0.007867274805903435,
    0.020353857427835464,
    0.008401921018958092,
    0.11635110527276993,
    0.16030211746692657,
    0.27195513248443604,
    0.3009752035140991,
    0.25532564520835876,
    0.23581266403198242,
    0.2637643814086914,
    0.27157291769981384,
    0.2712484896183014,
    0.23881033062934875,
    0.3424259424209595,
    0.3260444104671478,
    0.35216236114501953,
    0.3589407801628113,
    0.35827234387397766,
    0.31105658411979675,
    0.31817805767059326,
    0.3248986601829529,
    0.20001418888568878,
    0.1701536923646927,
    0.32167214155197144,
    0.38683468103408813,
    0.38376104831695557,
    0.2915632128715515,
    0.23651932179927826,
    0.18013904988765717,
    0.32339027523994446,
    0.32696080207824707,
    0.29078009724617004,
    0.3260444104671478,
    0.3126414120197296
  ],
  "mse": 5.703446865081787,
  "mae": 2.373502254486084,
  "rmse": 2.38818903462054
}