{
  "tag": "qlstm_n2_L4_identity",
  "model": "qlstm",
  "n_qubits": 2,
  "n_layers": 4,
  "mitigation": "identity",
  "feature_lambda": 1.0,
  "hidden_size": 4,
  "params": 197,
  "epochs": 20,
  "lr": 0.02,
  "n_train": 80,
  "n_test": 40,
  "train_time_s": 1395.3,
  "losses": [
    3.6998496055603027,
    3.389190673828125,
    3.1209559440612793,
    2.881239414215088,
    2.6610379219055176,
    2.4579310417175293,
    2.271266222000122,
    2.0995025634765625,
    1.9400008916854858,
    1.7902090549468994,
    1.6487430334091187,
    1.5153677463531494,
    1.3903677463531494,
    1.2740172147750854,
    1.166360855102539,
    1.0672372579574585,
    0.9763908386230469,
    0.8935405611991882,
    0.8183771371841431,
    0.7505229711532593
  ],
  "predictions": [
    -1.3922698497772217,
    -1.3912534713745117,
    -1.3918395042419434,
    -1.3913261890411377,
    -1.3905017375946045,
    -1.3913850784301758,
    -1.391242504119873,
    -1.3908991813659668,
    -1.3907582759857178,
    -1.3908189535140991,
    -1.3899567127227783,
    -1.3895084857940674,
    -1.388550043106079,
    -1.3881473541259766,
    -1.3883419036865234,
    -1.3884427547454834,
    -1.3882191181182861,
    -1.3881185054779053,
    -1.388084888458252,
    -1.388305902481079,
    -1.3875575065612793,
    -1.3875751495361328,
    -1.387345314025879,
    -1.3872413635253906,
    -1.387202501296997,
    -1.387521505355835,
    -1.3875055313110352,
    -1.387467861175537,
    -1.3884062767028809,
    -1.3887732028961182,
    -1.3877454996109009,
    -1.387176513671875,
    -1.3870717287063599,
    -1.3876779079437256,
    -1.3881537914276123,
    -1.3886767625808716,
    -1.387712001800537,
    -1.3875982761383057,
    -1.387810230255127,
    -1.3875560760498047
  ],
  "ground_truth": [
    -0.01258074026554823,
    -0.095900759100914,
    -0.029210250824689865,
    0.06873447448015213,
    -0.057085517793893814,
    -0.034651804715394974,
    0.007867274805903435,
    0.020353857427835464,
    0.008401921018958092,
    0.11635110527276993,
    0.16030211746692657,
    0.27195513248443604,
    0.3009752035140991,
    0.25532564520835876,
    0.23581266403198242,
    0.2637643814086914,
    0.27157291769981384,
    0.2712484896183014,
    0.23881033062934875,
    0.3424259424209595,
    0.3260444104671478,
    0.35216236114501953,
    0.3589407801628113,
    0.35827234387397766,
    0.31105658411979675,
    0.31817805767059326,
    0.3248986601829529,
    0.20001418888568878,
    0.1701536923646927,
    0.32167214155197144,
    0.38683468103408813,
    0.38376104831695557,
    0.2915632128715515,
    0.23651932179927826,
    0.18013904988765717,
    0.32339027523994446,
    0.32696080207824707,
    0.29078009724617004,
    0.3260444104671478,
    0.3126414120197296
  ],
  "mse": 2.5995421409606934,
  "mae": 1.6064059734344482,
  "rmse": 1.6123095673476273
}