{
  "tag": "qlstm_n2_L1_random",
  "model": "qlstm",
  "n_qubits": 2,
  "n_layers": 1,
  "mitigation": "random",
  "feature_lambda": 1.0,
  "hidden_size": 4,
  "params": 125,
  "epochs": 20,
  "lr": 0.02,
  "n_train": 80,
  "n_test": 40,
  "train_time_s": 564.2,
  "losses": [
    4.139214992523193,
    3.8556313514709473,
    3.6083617210388184,
    3.3913562297821045,
    3.200533390045166,
    3.0311646461486816,
    2.8781111240386963,
    2.736480474472046,
    2.602440357208252,
    2.4733855724334717,
    2.347602128982544,
    2.223945140838623,
    2.1017448902130127,
    1.9808324575424194,
    1.8614603281021118,
    1.7441221475601196,
    1.6293668746948242,
    1.5176619291305542,
    1.4094200134277344,
    1.3050901889801025
  ],
  "predictions": [
    -1.0302610397338867,
    -1.0284346342086792,
    -1.029336929321289,
    -1.028489351272583,
    -1.0269321203231812,
    -1.028486728668213,
    -1.028387427330017,
    -1.0277795791625977,
    -1.0274951457977295,
    -1.0276089906692505,
    -1.0260412693023682,
    -1.0251320600509644,
    -1.0232975482940674,
    -1.0225400924682617,
    -1.0230495929718018,
    -1.0233978033065796,
    -1.0230462551116943,
    -1.0228794813156128,
    -1.0228493213653564,
    -1.0233204364776611,
    -1.0218594074249268,
    -1.0218737125396729,
    -1.021457314491272,
    -1.021285057067871,
    -1.021256446838379,
    -1.0219476222991943,
    -1.02195143699646,
    -1.0218663215637207,
    -1.0237079858779907,
    -1.0244470834732056,
    -1.0223660469055176,
    -1.0210776329040527,
    -1.0208725929260254,
    -1.0221773386001587,
    -1.0231947898864746,
    -1.024220585823059,
    -1.0222926139831543,
    -1.021948218345642,
    -1.0223915576934814,
    -1.021928071975708
  ],
  "ground_truth": [
    -0.01258074026554823,
    -0.095900759100914,
    -0.029210250824689865,
    0.06873447448015213,
    -0.057085517793893814,
    -0.034651804715394974,
    0.007867274805903435,
    0.020353857427835464,
    0.008401921018958092,
    0.11635110527276993,
    0.16030211746692657,
    0.27195513248443604,
    0.3009752035140991,
    0.25532564520835876,
    0.23581266403198242,
    0.2637643814086914,
    0.27157291769981384,
    0.2712484896183014,
    0.23881033062934875,
    0.3424259424209595,
    0.3260444104671478,
    0.35216236114501953,
    0.3589407801628113,
    0.35827234387397766,
    0.31105658411979675,
    0.31817805767059326,
    0.3248986601829529,
    0.20001418888568878,
    0.1701536923646927,
    0.32167214155197144,
    0.38683468103408813,
    0.38376104831695557,
    0.2915632128715515,
    0.23651932179927826,
    0.18013904988765717,
    0.32339027523994446,
    0.32696080207824707,
    0.29078009724617004,
    0.3260444104671478,
    0.3126414120197296
  ],
  "mse": 1.5604991912841797,
  "mae": 1.2416846752166748,
  "rmse": 1.2491994201424286
}