{
  "classical_lstm": {
    "params": 361,
    "time_s": 1.2,
    "mse": 5.600174903869629,
    "mae": 2.3634674549102783,
    "rmse": 2.3664688681386936
  },
  "qlstm_random": {
    "params": 125,
    "time_s": 373.3,
    "mse": 1.5604991912841797,
    "mae": 1.2416846752166748,
    "rmse": 1.2491994201424286
  },
  "qlstm_identity": {
    "params": 125,
    "time_s": 374.9,
    "mse": 1.5710498094558716,
    "mae": 1.2460134029388428,
    "rmse": 1.2534152581869553
  },
  "qlstm_two_stage_ls": {
    "params": 125,
    "time_s": 373.4,
    "mse": 5.703446865081787,
    "mae": 2.373502254486084,
    "rmse": 2.38818903462054
  },
  "train_samples": 80,
  "test_samples": 40,
  "epochs": 20
}